REGION;CoDIGO DANE DEL DEPARTAMENTO;DEPARTAMENTO;CoDIGO DANE DEL MUNICIPIO;MUNICIPIO
Region Eje Cafetero - Antioquia;5;Antioquia;5001;Medellin
Region Eje Cafetero - Antioquia;5;Antioquia;5002;Abejorral
Region Eje Cafetero - Antioquia;5;Antioquia;5004;Abriaqui
Region Eje Cafetero - Antioquia;5;Antioquia;5021;Alejandria
Region Eje Cafetero - Antioquia;5;Antioquia;5030;Amaga
Region Eje Cafetero - Antioquia;5;Antioquia;5031;Amalfi
Region Eje Cafetero - Antioquia;5;Antioquia;5034;Andes
Region Eje Cafetero - Antioquia;5;Antioquia;5036;Angelopolis
Region Eje Cafetero - Antioquia;5;Antioquia;5038;Angostura
Region Eje Cafetero - Antioquia;5;Antioquia;5040;Anori
Region Centro Oriente;15;Boyaca;15832;Tunungua
Region Eje Cafetero - Antioquia;5;Antioquia;5044;Anza
Region Eje Cafetero - Antioquia;5;Antioquia;5045;Apartado
Region Eje Cafetero - Antioquia;5;Antioquia;5051;Arboletes
Region Eje Cafetero - Antioquia;5;Antioquia;5055;Argelia
Region Eje Cafetero - Antioquia;5;Antioquia;5059;Armenia
Region Eje Cafetero - Antioquia;5;Antioquia;5079;Barbosa
Region Eje Cafetero - Antioquia;5;Antioquia;5088;Bello
Region Eje Cafetero - Antioquia;5;Antioquia;5091;Betania
Region Eje Cafetero - Antioquia;5;Antioquia;5093;Betulia
Region Eje Cafetero - Antioquia;5;Antioquia;5101;Ciudad Bolivar
Region Eje Cafetero - Antioquia;5;Antioquia;5107;Briceño
Region Eje Cafetero - Antioquia;5;Antioquia;5113;Buritica
Region Eje Cafetero - Antioquia;5;Antioquia;5120;Caceres
Region Eje Cafetero - Antioquia;5;Antioquia;5125;Caicedo
Region Eje Cafetero - Antioquia;5;Antioquia;5129;Caldas
Region Eje Cafetero - Antioquia;5;Antioquia;5134;Campamento
Region Eje Cafetero - Antioquia;5;Antioquia;5138;Cañasgordas
Region Eje Cafetero - Antioquia;5;Antioquia;5142;Caracoli
Region Eje Cafetero - Antioquia;5;Antioquia;5145;Caramanta
Region Eje Cafetero - Antioquia;5;Antioquia;5147;Carepa
Region Centro Oriente;15;Boyaca;15476;Motavita
Region Eje Cafetero - Antioquia;5;Antioquia;5150;Carolina
Region Eje Cafetero - Antioquia;5;Antioquia;5154;Caucasia
Region Eje Cafetero - Antioquia;5;Antioquia;5172;Chigorodo
Region Eje Cafetero - Antioquia;5;Antioquia;5190;Cisneros
Region Eje Cafetero - Antioquia;5;Antioquia;5197;Cocorna
Region Eje Cafetero - Antioquia;5;Antioquia;5206;Concepcion
Region Eje Cafetero - Antioquia;5;Antioquia;5209;Concordia
Region Eje Cafetero - Antioquia;5;Antioquia;5212;Copacabana
Region Eje Cafetero - Antioquia;5;Antioquia;5234;Dabeiba
Region Eje Cafetero - Antioquia;5;Antioquia;5237;Don Matias
Region Eje Cafetero - Antioquia;5;Antioquia;5240;Ebejico
Region Eje Cafetero - Antioquia;5;Antioquia;5250;El Bagre
Region Eje Cafetero - Antioquia;5;Antioquia;5264;Entrerrios
Region Eje Cafetero - Antioquia;5;Antioquia;5266;Envigado
Region Eje Cafetero - Antioquia;5;Antioquia;5282;Fredonia
Region Caribe;23;Cordoba;23675;San Bernardo del Viento
Region Eje Cafetero - Antioquia;5;Antioquia;5306;Giraldo
Region Eje Cafetero - Antioquia;5;Antioquia;5308;Girardota
Region Eje Cafetero - Antioquia;5;Antioquia;5310;Gomez Plata
Region Pacifico;27;Choco;27361;Istmina
Region Eje Cafetero - Antioquia;5;Antioquia;5315;Guadalupe
Region Eje Cafetero - Antioquia;5;Antioquia;5318;Guarne
Region Eje Cafetero - Antioquia;5;Antioquia;5321;Guatape
Region Eje Cafetero - Antioquia;5;Antioquia;5347;Heliconia
Region Eje Cafetero - Antioquia;5;Antioquia;5353;Hispania
Region Eje Cafetero - Antioquia;5;Antioquia;5360;Itagui
Region Eje Cafetero - Antioquia;5;Antioquia;5361;Ituango
Region Eje Cafetero - Antioquia;5;Antioquia;5086;Belmira
Region Eje Cafetero - Antioquia;5;Antioquia;5368;Jerico
Region Eje Cafetero - Antioquia;5;Antioquia;5376;La Ceja
Region Eje Cafetero - Antioquia;5;Antioquia;5380;La Estrella
Region Eje Cafetero - Antioquia;5;Antioquia;5390;La Pintada
Region Eje Cafetero - Antioquia;5;Antioquia;5400;La Union
Region Eje Cafetero - Antioquia;5;Antioquia;5411;Liborina
Region Eje Cafetero - Antioquia;5;Antioquia;5425;Maceo
Region Eje Cafetero - Antioquia;5;Antioquia;5440;Marinilla
Region Eje Cafetero - Antioquia;5;Antioquia;5467;Montebello
Region Eje Cafetero - Antioquia;5;Antioquia;5475;Murindo
Region Eje Cafetero - Antioquia;5;Antioquia;5480;Mutata
Region Eje Cafetero - Antioquia;5;Antioquia;5483;Nariño
Region Eje Cafetero - Antioquia;5;Antioquia;5490;Necocli
Region Eje Cafetero - Antioquia;5;Antioquia;5495;Nechi
Region Eje Cafetero - Antioquia;5;Antioquia;5501;Olaya
Region Eje Cafetero - Antioquia;5;Antioquia;5541;Peñol
Region Eje Cafetero - Antioquia;5;Antioquia;5543;Peque
Region Eje Cafetero - Antioquia;5;Antioquia;5576;Pueblorrico
Region Eje Cafetero - Antioquia;5;Antioquia;5579;Puerto Berrio
Region Eje Cafetero - Antioquia;5;Antioquia;5585;Puerto Nare
Region Eje Cafetero - Antioquia;5;Antioquia;5591;Puerto Triunfo
Region Eje Cafetero - Antioquia;5;Antioquia;5604;Remedios
Region Eje Cafetero - Antioquia;5;Antioquia;5607;Retiro
Region Eje Cafetero - Antioquia;5;Antioquia;5615;Rionegro
Region Eje Cafetero - Antioquia;5;Antioquia;5628;Sabanalarga
Region Eje Cafetero - Antioquia;5;Antioquia;5631;Sabaneta
Region Eje Cafetero - Antioquia;5;Antioquia;5642;Salgar
Region Centro Oriente;15;Boyaca;15189;Cienega
Region Pacifico;52;Nariño;52699;Santacruz
Region Eje Cafetero - Antioquia;5;Antioquia;5652;San Francisco
Region Eje Cafetero - Antioquia;5;Antioquia;5656;San Jeronimo
Region Centro Oriente;68;Santander;68575;Puerto Wilches
Region Centro Oriente;68;Santander;68573;Puerto Parra
Region Eje Cafetero - Antioquia;5;Antioquia;5660;San Luis
Region Eje Cafetero - Antioquia;5;Antioquia;5664;San Pedro
Region Eje Cafetero - Antioquia;5;Antioquia;5667;San Rafael
Region Eje Cafetero - Antioquia;5;Antioquia;5670;San Roque
Region Eje Cafetero - Antioquia;5;Antioquia;5674;San Vicente
Region Eje Cafetero - Antioquia;5;Antioquia;5679;Santa Barbara
Region Eje Cafetero - Antioquia;5;Antioquia;5690;Santo Domingo
Region Eje Cafetero - Antioquia;5;Antioquia;5697;El Santuario
Region Eje Cafetero - Antioquia;5;Antioquia;5736;Segovia
Region Eje Cafetero - Antioquia;5;Antioquia;5761;Sopetran
Region Llano;50;Meta;50370;Uribe
Region Eje Cafetero - Antioquia;5;Antioquia;5789;Tamesis
Region Eje Cafetero - Antioquia;5;Antioquia;5790;Taraza
Region Eje Cafetero - Antioquia;5;Antioquia;5792;Tarso
Region Eje Cafetero - Antioquia;5;Antioquia;5809;Titiribi
Region Eje Cafetero - Antioquia;5;Antioquia;5819;Toledo
Region Eje Cafetero - Antioquia;5;Antioquia;5837;Turbo
Region Eje Cafetero - Antioquia;5;Antioquia;5842;Uramita
Region Eje Cafetero - Antioquia;5;Antioquia;5847;Urrao
Region Eje Cafetero - Antioquia;5;Antioquia;5854;Valdivia
Region Eje Cafetero - Antioquia;5;Antioquia;5856;Valparaiso
Region Eje Cafetero - Antioquia;5;Antioquia;5858;Vegachi
Region Eje Cafetero - Antioquia;5;Antioquia;5861;Venecia
Region Eje Cafetero - Antioquia;5;Antioquia;5885;Yali
Region Eje Cafetero - Antioquia;5;Antioquia;5887;Yarumal
Region Eje Cafetero - Antioquia;5;Antioquia;5890;Yolombo
Region Eje Cafetero - Antioquia;5;Antioquia;5893;Yondo
Region Eje Cafetero - Antioquia;5;Antioquia;5895;Zaragoza
Region Caribe;8;Atlantico;8001;Barranquilla
Region Caribe;8;Atlantico;8078;Baranoa
Region Caribe;8;Atlantico;8141;Candelaria
Region Caribe;8;Atlantico;8296;Galapa
Region Caribe;8;Atlantico;8421;Luruaco
Region Caribe;8;Atlantico;8433;Malambo
Region Caribe;8;Atlantico;8436;Manati
Region Caribe;8;Atlantico;8549;Piojo
Region Caribe;8;Atlantico;8558;Polonuevo
Region Caribe;8;Atlantico;8634;Sabanagrande
Region Caribe;8;Atlantico;8638;Sabanalarga
Region Caribe;8;Atlantico;8675;Santa Lucia
Region Caribe;8;Atlantico;8685;Santo Tomas
Region Caribe;8;Atlantico;8758;Soledad
Region Caribe;8;Atlantico;8770;Suan
Region Caribe;8;Atlantico;8832;Tubara
Region Caribe;8;Atlantico;8849;Usiacuri
Region Caribe;13;Bolivar;13006;Achi
Region Caribe;13;Bolivar;13042;Arenal
Region Caribe;13;Bolivar;13052;Arjona
Region Caribe;13;Bolivar;13062;Arroyohondo
Region Caribe;13;Bolivar;13140;Calamar
Region Caribe;13;Bolivar;13160;Cantagallo
Region Caribe;13;Bolivar;13188;Cicuco
Region Caribe;13;Bolivar;13212;Cordoba
Region Caribe;13;Bolivar;13222;Clemencia
Region Caribe;13;Bolivar;13248;El Guamo
Region Caribe;13;Bolivar;13430;Magangue
Region Caribe;13;Bolivar;13433;Mahates
Region Caribe;13;Bolivar;13440;Margarita
Region Caribe;13;Bolivar;13458;Montecristo
Region Caribe;13;Bolivar;13468;Mompos
Region Caribe;13;Bolivar;13473;Morales
Region Caribe;13;Bolivar;13490;Norosi
Region Caribe;13;Bolivar;13549;Pinillos
Region Caribe;13;Bolivar;13580;Regidor
Region Caribe;13;Bolivar;13600;Rio Viejo
Region Caribe;13;Bolivar;13647;San Estanislao
Region Caribe;13;Bolivar;13650;San Fernando
Region Caribe;13;Bolivar;13657;San Juan Nepomuceno
Region Caribe;13;Bolivar;13673;Santa Catalina
Region Caribe;13;Bolivar;13683;Santa Rosa
Region Caribe;13;Bolivar;13744;Simiti
Region Caribe;13;Bolivar;13760;Soplaviento
Region Caribe;13;Bolivar;13780;Talaigua Nuevo
Region Caribe;13;Bolivar;13810;Tiquisio
Region Caribe;13;Bolivar;13836;Turbaco
Region Caribe;13;Bolivar;13838;Turbana
Region Caribe;13;Bolivar;13873;Villanueva
Region Centro Oriente;15;Boyaca;15001;Tunja
Region Centro Oriente;15;Boyaca;15022;Almeida
Region Centro Oriente;15;Boyaca;15047;Aquitania
Region Centro Oriente;15;Boyaca;15051;Arcabuco
Region Centro Oriente;15;Boyaca;15090;Berbeo
Region Centro Oriente;15;Boyaca;15092;Beteitiva
Region Centro Oriente;15;Boyaca;15097;Boavita
Region Centro Oriente;15;Boyaca;15104;Boyaca
Region Centro Oriente;15;Boyaca;15106;Briceño
Region Centro Oriente;15;Boyaca;15109;Buena Vista
Region Centro Oriente;15;Boyaca;15114;Busbanza
Region Centro Oriente;15;Boyaca;15131;Caldas
Region Centro Oriente;15;Boyaca;15135;Campohermoso
Region Centro Oriente;15;Boyaca;15162;Cerinza
Region Centro Oriente;15;Boyaca;15172;Chinavita
Region Centro Oriente;15;Boyaca;15176;Chiquinquira
Region Centro Oriente;15;Boyaca;15180;Chiscas
Region Centro Oriente;15;Boyaca;15183;Chita
Region Centro Oriente;15;Boyaca;15185;Chitaraque
Region Centro Oriente;15;Boyaca;15187;Chivata
Region Centro Oriente;15;Boyaca;15204;Combita
Region Centro Oriente;15;Boyaca;15212;Coper
Region Centro Oriente;15;Boyaca;15215;Corrales
Region Centro Oriente;15;Boyaca;15218;Covarachia
Region Centro Oriente;15;Boyaca;15223;Cubara
Region Centro Oriente;15;Boyaca;15224;Cucaita
Region Centro Oriente;15;Boyaca;15226;Cuitiva
Region Centro Oriente;15;Boyaca;15232;Chiquiza
Region Centro Oriente;15;Boyaca;15236;Chivor
Region Centro Oriente;15;Boyaca;15238;Duitama
Region Centro Oriente;15;Boyaca;15244;El Cocuy
Region Centro Oriente;15;Boyaca;15248;El Espino
Region Centro Oriente;15;Boyaca;15272;Firavitoba
Region Centro Oriente;15;Boyaca;15276;Floresta
Region Centro Oriente;15;Boyaca;15293;Gachantiva
Region Centro Oriente;15;Boyaca;15296;Gameza
Region Centro Oriente;15;Boyaca;15299;Garagoa
Region Centro Oriente;15;Boyaca;15317;Guacamayas
Region Centro Oriente;15;Boyaca;15322;Guateque
Region Centro Oriente;15;Boyaca;15325;Guayata
Region Centro Oriente;15;Boyaca;15332;Güican
Region Centro Oriente;15;Boyaca;15362;Iza
Region Centro Oriente;15;Boyaca;15367;Jenesano
Region Centro Oriente;15;Boyaca;15368;Jerico
Region Centro Oriente;15;Boyaca;15377;Labranzagrande
Region Centro Oriente;15;Boyaca;15380;La Capilla
Region Centro Oriente;15;Boyaca;15401;La Victoria
Region Centro Oriente;15;Boyaca;15425;Macanal
Region Centro Oriente;15;Boyaca;15442;Maripi
Region Centro Oriente;15;Boyaca;15455;Miraflores
Region Centro Oriente;15;Boyaca;15464;Mongua
Region Centro Oriente;15;Boyaca;15466;Mongui
Region Centro Oriente;15;Boyaca;15469;Moniquira
Region Centro Oriente;15;Boyaca;15480;Muzo
Region Centro Oriente;15;Boyaca;15491;Nobsa
Region Centro Oriente;15;Boyaca;15494;Nuevo Colon
Region Centro Oriente;15;Boyaca;15500;Oicata
Region Centro Oriente;15;Boyaca;15507;Otanche
Region Centro Oriente;15;Boyaca;15511;Pachavita
Region Centro Oriente;15;Boyaca;15514;Paez
Region Centro Oriente;15;Boyaca;15516;Paipa
Region Centro Oriente;15;Boyaca;15518;Pajarito
Region Centro Oriente;15;Boyaca;15522;Panqueba
Region Centro Oriente;15;Boyaca;15531;Pauna
Region Centro Oriente;15;Boyaca;15533;Paya
Region Centro Oriente;15;Boyaca;15542;Pesca
Region Centro Oriente;15;Boyaca;15550;Pisba
Region Centro Oriente;15;Boyaca;15572;Puerto Boyaca
Region Centro Oriente;15;Boyaca;15580;Quipama
Region Centro Oriente;15;Boyaca;15599;Ramiriqui
Region Centro Oriente;15;Boyaca;15600;Raquira
Region Centro Oriente;15;Boyaca;15621;Rondon
Region Centro Oriente;15;Boyaca;15632;Saboya
Region Centro Oriente;15;Boyaca;15638;Sachica
Region Centro Oriente;15;Boyaca;15646;Samaca
Region Centro Oriente;15;Boyaca;15660;San Eduardo
Region Centro Oriente;15;Boyaca;15673;San Mateo
Region Centro Oriente;15;Boyaca;15686;Santana
Region Centro Oriente;15;Boyaca;15690;Santa Maria
Region Centro Oriente;15;Boyaca;15696;Santa Sofia
Region Centro Oriente;15;Boyaca;15720;Sativanorte
Region Centro Oriente;15;Boyaca;15723;Sativasur
Region Centro Oriente;15;Boyaca;15740;Siachoque
Region Centro Oriente;15;Boyaca;15753;Soata
Region Centro Oriente;15;Boyaca;15755;Socota
Region Centro Oriente;15;Boyaca;15757;Socha
Region Centro Oriente;15;Boyaca;15759;Sogamoso
Region Centro Oriente;15;Boyaca;15761;Somondoco
Region Centro Oriente;15;Boyaca;15762;Sora
Region Centro Oriente;15;Boyaca;15763;Sotaquira
Region Centro Oriente;15;Boyaca;15764;Soraca
Region Centro Oriente;15;Boyaca;15774;Susacon
Region Centro Oriente;15;Boyaca;15776;Sutamarchan
Region Centro Oriente;15;Boyaca;15778;Sutatenza
Region Centro Oriente;15;Boyaca;15790;Tasco
Region Centro Oriente;15;Boyaca;15798;Tenza
Region Centro Oriente;15;Boyaca;15804;Tibana
Region Centro Oriente;15;Boyaca;15808;Tinjaca
Region Centro Oriente;15;Boyaca;15810;Tipacoque
Region Centro Oriente;15;Boyaca;15814;Toca
Region Centro Oriente;15;Boyaca;15820;Topaga
Region Centro Oriente;15;Boyaca;15822;Tota
Region Centro Oriente;15;Boyaca;15835;Turmeque
Region Centro Oriente;15;Boyaca;15839;Tutaza
Region Centro Oriente;15;Boyaca;15842;Umbita
Region Centro Oriente;15;Boyaca;15861;Ventaquemada
Region Centro Oriente;15;Boyaca;15879;Viracacha
Region Centro Oriente;15;Boyaca;15897;Zetaquira
Region Eje Cafetero - Antioquia;17;Caldas;17001;Manizales
Region Eje Cafetero - Antioquia;17;Caldas;17013;Aguadas
Region Eje Cafetero - Antioquia;17;Caldas;17042;Anserma
Region Eje Cafetero - Antioquia;17;Caldas;17050;Aranzazu
Region Eje Cafetero - Antioquia;17;Caldas;17088;Belalcazar
Region Eje Cafetero - Antioquia;17;Caldas;17174;Chinchina
Region Eje Cafetero - Antioquia;17;Caldas;17272;Filadelfia
Region Eje Cafetero - Antioquia;17;Caldas;17380;La Dorada
Region Eje Cafetero - Antioquia;17;Caldas;17388;La Merced
Region Eje Cafetero - Antioquia;17;Caldas;17433;Manzanares
Region Eje Cafetero - Antioquia;17;Caldas;17442;Marmato
Region Eje Cafetero - Antioquia;17;Caldas;17446;Marulanda
Region Eje Cafetero - Antioquia;17;Caldas;17486;Neira
Region Eje Cafetero - Antioquia;17;Caldas;17495;Norcasia
Region Eje Cafetero - Antioquia;17;Caldas;17513;Pacora
Region Eje Cafetero - Antioquia;17;Caldas;17524;Palestina
Region Eje Cafetero - Antioquia;17;Caldas;17541;Pensilvania
Region Eje Cafetero - Antioquia;17;Caldas;17614;Riosucio
Region Eje Cafetero - Antioquia;17;Caldas;17616;Risaralda
Region Eje Cafetero - Antioquia;17;Caldas;17653;Salamina
Region Eje Cafetero - Antioquia;17;Caldas;17662;Samana
Region Eje Cafetero - Antioquia;17;Caldas;17665;San Jose
Region Eje Cafetero - Antioquia;17;Caldas;17777;Supia
Region Eje Cafetero - Antioquia;17;Caldas;17867;Victoria
Region Eje Cafetero - Antioquia;17;Caldas;17873;Villamaria
Region Eje Cafetero - Antioquia;17;Caldas;17877;Viterbo
Region Centro Sur;18;Caqueta;18001;Florencia
Region Centro Sur;18;Caqueta;18029;Albania
Region Centro Sur;18;Caqueta;18205;Curillo
Region Centro Sur;18;Caqueta;18247;El Doncello
Region Centro Sur;18;Caqueta;18256;El Paujil
Region Centro Sur;18;Caqueta;18479;Morelia
Region Centro Sur;18;Caqueta;18592;Puerto Rico
Region Centro Sur;18;Caqueta;18756;Solano
Region Centro Sur;18;Caqueta;18785;Solita
Region Centro Sur;18;Caqueta;18860;Valparaiso
Region Pacifico;19;Cauca;19001;Popayan
Region Pacifico;19;Cauca;19022;Almaguer
Region Pacifico;19;Cauca;19050;Argelia
Region Pacifico;19;Cauca;19075;Balboa
Region Pacifico;19;Cauca;19100;Bolivar
Region Pacifico;19;Cauca;19110;Buenos Aires
Region Pacifico;19;Cauca;19130;Cajibio
Region Pacifico;19;Cauca;19137;Caldono
Region Pacifico;19;Cauca;19142;Caloto
Region Pacifico;19;Cauca;19212;Corinto
Region Pacifico;19;Cauca;19256;El Tambo
Region Pacifico;19;Cauca;19290;Florencia
Region Pacifico;19;Cauca;19300;Guachene
Region Pacifico;19;Cauca;19318;Guapi
Region Pacifico;19;Cauca;19355;Inza
Region Pacifico;19;Cauca;19364;Jambalo
Region Pacifico;19;Cauca;19392;La Sierra
Region Pacifico;19;Cauca;19397;La Vega
Region Pacifico;19;Cauca;19418;Lopez
Region Pacifico;19;Cauca;19450;Mercaderes
Region Pacifico;19;Cauca;19455;Miranda
Region Pacifico;19;Cauca;19473;Morales
Region Pacifico;19;Cauca;19513;Padilla
Region Pacifico;19;Cauca;19532;Patia
Region Pacifico;19;Cauca;19533;Piamonte
Region Pacifico;19;Cauca;19548;Piendamo
Region Pacifico;19;Cauca;19573;Puerto Tejada
Region Pacifico;19;Cauca;19585;Purace
Region Pacifico;19;Cauca;19622;Rosas
Region Pacifico;19;Cauca;19701;Santa Rosa
Region Pacifico;19;Cauca;19743;Silvia
Region Pacifico;19;Cauca;19760;Sotara
Region Pacifico;19;Cauca;19780;Suarez
Region Pacifico;19;Cauca;19785;Sucre
Region Pacifico;19;Cauca;19807;Timbio
Region Pacifico;19;Cauca;19809;Timbiqui
Region Pacifico;19;Cauca;19821;Toribio
Region Pacifico;19;Cauca;19824;Totoro
Region Pacifico;19;Cauca;19845;Villa Rica
Region Caribe;20;Cesar;20001;Valledupar
Region Caribe;20;Cesar;20011;Aguachica
Region Caribe;20;Cesar;20013;Agustin Codazzi
Region Caribe;20;Cesar;20032;Astrea
Region Caribe;20;Cesar;20045;Becerril
Region Caribe;20;Cesar;20060;Bosconia
Region Caribe;20;Cesar;20175;Chimichagua
Region Caribe;20;Cesar;20178;Chiriguana
Region Caribe;20;Cesar;20228;Curumani
Region Caribe;20;Cesar;20238;El Copey
Region Caribe;20;Cesar;20250;El Paso
Region Caribe;20;Cesar;20295;Gamarra
Region Caribe;20;Cesar;20310;Gonzalez
Region Caribe;20;Cesar;20383;La Gloria
Region Caribe;20;Cesar;20443;Manaure
Region Caribe;20;Cesar;20517;Pailitas
Region Caribe;20;Cesar;20550;Pelaya
Region Caribe;20;Cesar;20570;Pueblo Bello
Region Caribe;20;Cesar;20621;La Paz
Region Caribe;20;Cesar;20710;San Alberto
Region Caribe;20;Cesar;20750;San Diego
Region Caribe;20;Cesar;20770;San Martin
Region Caribe;20;Cesar;20787;Tamalameque
Region Caribe;23;Cordoba;23001;Monteria
Region Caribe;23;Cordoba;23068;Ayapel
Region Caribe;23;Cordoba;23079;Buenavista
Region Caribe;23;Cordoba;23090;Canalete
Region Caribe;23;Cordoba;23162;Cerete
Region Caribe;23;Cordoba;23168;Chima
Region Caribe;23;Cordoba;23182;Chinu
Region Caribe;23;Cordoba;23300;Cotorra
Region Caribe;23;Cordoba;23417;Lorica
Region Caribe;23;Cordoba;23419;Los Cordobas
Region Caribe;23;Cordoba;23464;Momil
Region Caribe;23;Cordoba;23500;Moñitos
Region Caribe;23;Cordoba;23555;Planeta Rica
Region Caribe;23;Cordoba;23570;Pueblo Nuevo
Region Caribe;23;Cordoba;23574;Puerto Escondido
Region Caribe;23;Cordoba;23586;Purisima
Region Caribe;23;Cordoba;23660;Sahagun
Region Caribe;23;Cordoba;23670;San Andres Sotavento
Region Caribe;23;Cordoba;23672;San Antero
Region Caribe;23;Cordoba;23686;San Pelayo
Region Caribe;23;Cordoba;23807;Tierralta
Region Caribe;23;Cordoba;23815;Tuchin
Region Caribe;23;Cordoba;23855;Valencia
Region Centro Oriente;25;Cundinamarca;25035;Anapoima
Region Centro Oriente;25;Cundinamarca;25053;Arbelaez
Region Centro Oriente;25;Cundinamarca;25086;Beltran
Region Centro Oriente;25;Cundinamarca;25095;Bituima
Region Centro Oriente;25;Cundinamarca;25099;Bojaca
Region Centro Oriente;25;Cundinamarca;25120;Cabrera
Region Centro Oriente;25;Cundinamarca;25123;Cachipay
Region Centro Oriente;25;Cundinamarca;25126;Cajica
Region Centro Oriente;25;Cundinamarca;25148;Caparrapi
Region Centro Oriente;25;Cundinamarca;25151;Caqueza
Region Centro Oriente;25;Cundinamarca;25168;Chaguani
Region Centro Oriente;25;Cundinamarca;25178;Chipaque
Region Centro Oriente;25;Cundinamarca;25181;Choachi
Region Centro Oriente;25;Cundinamarca;25183;Choconta
Region Centro Oriente;25;Cundinamarca;25200;Cogua
Region Centro Oriente;25;Cundinamarca;25214;Cota
Region Centro Oriente;25;Cundinamarca;25224;Cucunuba
Region Centro Oriente;25;Cundinamarca;25245;El Colegio
Region Centro Oriente;25;Cundinamarca;25260;El Rosal
Region Centro Oriente;25;Cundinamarca;25279;Fomeque
Region Centro Oriente;25;Cundinamarca;25281;Fosca
Region Centro Oriente;25;Cundinamarca;25286;Funza
Region Centro Oriente;25;Cundinamarca;25288;Fuquene
Region Centro Oriente;25;Cundinamarca;25293;Gachala
Region Centro Oriente;25;Cundinamarca;25295;Gachancipa
Region Centro Oriente;25;Cundinamarca;25297;Gacheta
Region Centro Oriente;25;Cundinamarca;25307;Girardot
Region Centro Oriente;25;Cundinamarca;25312;Granada
Region Centro Oriente;25;Cundinamarca;25317;Guacheta
Region Centro Oriente;25;Cundinamarca;25320;Guaduas
Region Centro Oriente;25;Cundinamarca;25322;Guasca
Region Centro Oriente;25;Cundinamarca;25324;Guataqui
Region Centro Oriente;25;Cundinamarca;25326;Guatavita
Region Centro Oriente;25;Cundinamarca;25335;Guayabetal
Region Centro Oriente;25;Cundinamarca;25339;Gutierrez
Region Centro Oriente;25;Cundinamarca;25368;Jerusalen
Region Centro Oriente;25;Cundinamarca;25372;Junin
Region Centro Oriente;25;Cundinamarca;25377;La Calera
Region Centro Oriente;25;Cundinamarca;25386;La Mesa
Region Centro Oriente;25;Cundinamarca;25394;La Palma
Region Centro Oriente;25;Cundinamarca;25398;La Peña
Region Centro Oriente;25;Cundinamarca;25402;La Vega
Region Centro Oriente;25;Cundinamarca;25407;Lenguazaque
Region Centro Oriente;25;Cundinamarca;25426;Macheta
Region Centro Oriente;25;Cundinamarca;25430;Madrid
Region Centro Oriente;25;Cundinamarca;25436;Manta
Region Centro Oriente;25;Cundinamarca;25438;Medina
Region Centro Oriente;25;Cundinamarca;25473;Mosquera
Region Centro Oriente;25;Cundinamarca;25483;Nariño
Region Centro Oriente;25;Cundinamarca;25486;Nemocon
Region Centro Oriente;25;Cundinamarca;25488;Nilo
Region Centro Oriente;25;Cundinamarca;25489;Nimaima
Region Centro Oriente;25;Cundinamarca;25491;Nocaima
Region Centro Oriente;25;Cundinamarca;25506;Venecia
Region Centro Oriente;25;Cundinamarca;25513;Pacho
Region Centro Oriente;25;Cundinamarca;25518;Paime
Region Centro Oriente;25;Cundinamarca;25524;Pandi
Region Centro Oriente;25;Cundinamarca;25530;Paratebueno
Region Centro Oriente;25;Cundinamarca;25535;Pasca
Region Centro Oriente;25;Cundinamarca;25572;Puerto Salgar
Region Centro Oriente;25;Cundinamarca;25580;Puli
Region Centro Oriente;25;Cundinamarca;25592;Quebradanegra
Region Centro Oriente;25;Cundinamarca;25594;Quetame
Region Centro Oriente;25;Cundinamarca;25596;Quipile
Region Centro Oriente;25;Cundinamarca;25599;Apulo
Region Centro Oriente;25;Cundinamarca;25612;Ricaurte
Region Centro Oriente;25;Cundinamarca;25649;San Bernardo
Region Centro Oriente;25;Cundinamarca;25653;San Cayetano
Region Centro Oriente;25;Cundinamarca;25658;San Francisco
Region Centro Oriente;25;Cundinamarca;25736;Sesquile
Region Centro Oriente;25;Cundinamarca;25740;Sibate
Region Centro Oriente;25;Cundinamarca;25743;Silvania
Region Centro Oriente;25;Cundinamarca;25745;Simijaca
Region Centro Oriente;25;Cundinamarca;25754;Soacha
Region Centro Oriente;25;Cundinamarca;25769;Subachoque
Region Centro Oriente;25;Cundinamarca;25772;Suesca
Region Centro Oriente;25;Cundinamarca;25777;Supata
Region Centro Oriente;25;Cundinamarca;25779;Susa
Region Centro Oriente;25;Cundinamarca;25781;Sutatausa
Region Centro Oriente;25;Cundinamarca;25785;Tabio
Region Centro Oriente;25;Cundinamarca;25793;Tausa
Region Centro Oriente;25;Cundinamarca;25797;Tena
Region Centro Oriente;25;Cundinamarca;25799;Tenjo
Region Centro Oriente;25;Cundinamarca;25805;Tibacuy
Region Centro Oriente;25;Cundinamarca;25807;Tibirita
Region Centro Oriente;25;Cundinamarca;25815;Tocaima
Region Centro Oriente;25;Cundinamarca;25817;Tocancipa
Region Centro Oriente;25;Cundinamarca;25823;Topaipi
Region Centro Oriente;25;Cundinamarca;25839;Ubala
Region Centro Oriente;25;Cundinamarca;25841;Ubaque
Region Centro Oriente;25;Cundinamarca;25845;Une
Region Centro Oriente;25;Cundinamarca;25851;utica
Region Centro Oriente;25;Cundinamarca;25867;Viani
Region Centro Oriente;25;Cundinamarca;25871;Villagomez
Region Centro Oriente;25;Cundinamarca;25873;Villapinzon
Region Centro Oriente;25;Cundinamarca;25875;Villeta
Region Centro Oriente;25;Cundinamarca;25878;Viota
Region Centro Oriente;25;Cundinamarca;25898;Zipacon
Region Pacifico;27;Choco;27001;Quibdo
Region Pacifico;27;Choco;27006;Acandi
Region Pacifico;27;Choco;27025;Alto Baudo
Region Pacifico;27;Choco;27050;Atrato
Region Pacifico;27;Choco;27073;Bagado
Region Pacifico;27;Choco;27075;Bahia Solano
Region Pacifico;27;Choco;27077;Bajo Baudo
Region Pacifico;27;Choco;27099;Bojaya
Region Pacifico;27;Choco;27160;Certegui
Region Pacifico;27;Choco;27205;Condoto
Region Pacifico;27;Choco;27372;Jurado
Region Pacifico;27;Choco;27413;Lloro
Region Pacifico;27;Choco;27425;Medio Atrato
Region Pacifico;27;Choco;27430;Medio Baudo
Region Pacifico;27;Choco;27450;Medio San Juan
Region Pacifico;27;Choco;27491;Novita
Region Pacifico;27;Choco;27495;Nuqui
Region Pacifico;27;Choco;27580;Rio Iro
Region Pacifico;27;Choco;27600;Rio Quito
Region Pacifico;27;Choco;27615;Riosucio
Region Pacifico;27;Choco;27745;Sipi
Region Pacifico;27;Choco;27800;Unguia
Region Centro Sur;41;Huila;41001;Neiva
Region Centro Sur;41;Huila;41006;Acevedo
Region Centro Sur;41;Huila;41013;Agrado
Region Centro Sur;41;Huila;41016;Aipe
Region Centro Sur;41;Huila;41020;Algeciras
Region Centro Sur;41;Huila;41026;Altamira
Region Centro Sur;41;Huila;41078;Baraya
Region Centro Sur;41;Huila;41132;Campoalegre
Region Centro Sur;41;Huila;41206;Colombia
Region Centro Sur;41;Huila;41244;Elias
Region Centro Sur;41;Huila;41298;Garzon
Region Centro Sur;41;Huila;41306;Gigante
Region Centro Sur;41;Huila;41319;Guadalupe
Region Centro Sur;41;Huila;41349;Hobo
Region Centro Sur;41;Huila;41357;Iquira
Region Centro Sur;41;Huila;41359;Isnos
Region Centro Sur;41;Huila;41378;La Argentina
Region Centro Sur;41;Huila;41396;La Plata
Region Centro Sur;41;Huila;41483;Nataga
Region Centro Sur;41;Huila;41503;Oporapa
Region Centro Sur;41;Huila;41518;Paicol
Region Centro Sur;41;Huila;41524;Palermo
Region Centro Sur;41;Huila;41530;Palestina
Region Centro Sur;41;Huila;41548;Pital
Region Centro Sur;41;Huila;41551;Pitalito
Region Centro Sur;41;Huila;41615;Rivera
Region Centro Sur;41;Huila;41660;Saladoblanco
Region Centro Sur;41;Huila;41676;Santa Maria
Region Centro Sur;41;Huila;41770;Suaza
Region Centro Sur;41;Huila;41791;Tarqui
Region Centro Sur;41;Huila;41797;Tesalia
Region Centro Sur;41;Huila;41799;Tello
Region Centro Sur;41;Huila;41801;Teruel
Region Centro Sur;41;Huila;41807;Timana
Region Centro Sur;41;Huila;41872;Villavieja
Region Centro Sur;41;Huila;41885;Yaguara
Region Caribe;44;La Guajira;44001;Riohacha
Region Caribe;44;La Guajira;44035;Albania
Region Caribe;44;La Guajira;44078;Barrancas
Region Caribe;44;La Guajira;44090;Dibula
Region Caribe;44;La Guajira;44098;Distraccion
Region Caribe;44;La Guajira;44110;El Molino
Region Caribe;44;La Guajira;44279;Fonseca
Region Caribe;44;La Guajira;44378;Hatonuevo
Region Caribe;44;La Guajira;44430;Maicao
Region Caribe;44;La Guajira;44560;Manaure
Region Caribe;44;La Guajira;44847;Uribia
Region Caribe;44;La Guajira;44855;Urumita
Region Caribe;44;La Guajira;44874;Villanueva
Region Caribe;47;Magdalena;47001;Santa Marta
Region Caribe;47;Magdalena;47030;Algarrobo
Region Caribe;47;Magdalena;47053;Aracataca
Region Caribe;47;Magdalena;47058;Ariguani
Region Caribe;47;Magdalena;47161;Cerro San Antonio
Region Caribe;47;Magdalena;47170;Chivolo
Region Caribe;47;Magdalena;47205;Concordia
Region Caribe;47;Magdalena;47245;El Banco
Region Caribe;47;Magdalena;47258;El Piñon
Region Caribe;47;Magdalena;47268;El Reten
Region Caribe;47;Magdalena;47288;Fundacion
Region Caribe;47;Magdalena;47318;Guamal
Region Caribe;47;Magdalena;47460;Nueva Granada
Region Caribe;47;Magdalena;47541;Pedraza
Region Caribe;47;Magdalena;47551;Pivijay
Region Caribe;47;Magdalena;47555;Plato
Region Caribe;47;Magdalena;47605;Remolino
Region Caribe;47;Magdalena;47675;Salamina
Region Caribe;47;Magdalena;47703;San Zenon
Region Caribe;47;Magdalena;47707;Santa Ana
Region Caribe;47;Magdalena;47745;Sitionuevo
Region Caribe;47;Magdalena;47798;Tenerife
Region Caribe;47;Magdalena;47960;Zapayan
Region Caribe;47;Magdalena;47980;Zona Bananera
Region Llano;50;Meta;50001;Villavicencio
Region Llano;50;Meta;50006;Acacias
Region Llano;50;Meta;50124;Cabuyaro
Region Llano;50;Meta;50223;Cubarral
Region Llano;50;Meta;50226;Cumaral
Region Llano;50;Meta;50245;El Calvario
Region Llano;50;Meta;50251;El Castillo
Region Llano;50;Meta;50270;El Dorado
Region Llano;50;Meta;50313;Granada
Region Llano;50;Meta;50318;Guamal
Region Llano;50;Meta;50325;Mapiripan
Region Llano;50;Meta;50330;Mesetas
Region Llano;50;Meta;50350;La Macarena
Region Llano;50;Meta;50400;Lejanias
Region Llano;50;Meta;50450;Puerto Concordia
Region Llano;50;Meta;50568;Puerto Gaitan
Region Llano;50;Meta;50573;Puerto Lopez
Region Llano;50;Meta;50577;Puerto Lleras
Region Llano;50;Meta;50590;Puerto Rico
Region Llano;50;Meta;50606;Restrepo
Region Llano;50;Meta;50686;San Juanito
Region Llano;50;Meta;50689;San Martin
Region Llano;50;Meta;50711;Vista Hermosa
Region Pacifico;52;Nariño;52001;Pasto
Region Pacifico;52;Nariño;52019;Alban
Region Pacifico;52;Nariño;52022;Aldana
Region Pacifico;52;Nariño;52036;Ancuya
Region Pacifico;52;Nariño;52079;Barbacoas
Region Pacifico;52;Nariño;52203;Colon
Region Pacifico;52;Nariño;52207;Consaca
Region Pacifico;52;Nariño;52210;Contadero
Region Pacifico;52;Nariño;52215;Cordoba
Region Pacifico;52;Nariño;52224;Cuaspud
Region Pacifico;52;Nariño;52227;Cumbal
Region Pacifico;52;Nariño;52233;Cumbitara
Region Pacifico;52;Nariño;52250;El Charco
Region Pacifico;52;Nariño;52254;El Peñol
Region Pacifico;52;Nariño;52256;El Rosario
Region Pacifico;52;Nariño;52260;El Tambo
Region Pacifico;52;Nariño;52287;Funes
Region Pacifico;52;Nariño;52317;Guachucal
Region Pacifico;52;Nariño;52320;Guaitarilla
Region Pacifico;52;Nariño;52323;Gualmatan
Region Pacifico;52;Nariño;52352;Iles
Region Pacifico;52;Nariño;52354;Imues
Region Pacifico;52;Nariño;52356;Ipiales
Region Pacifico;52;Nariño;52378;La Cruz
Region Pacifico;52;Nariño;52381;La Florida
Region Pacifico;52;Nariño;52385;La Llanada
Region Pacifico;52;Nariño;52390;La Tola
Region Pacifico;52;Nariño;52399;La Union
Region Pacifico;52;Nariño;52405;Leiva
Region Pacifico;52;Nariño;52411;Linares
Region Pacifico;52;Nariño;52418;Los Andes
Region Pacifico;52;Nariño;52427;Magüi
Region Pacifico;52;Nariño;52435;Mallama
Region Pacifico;52;Nariño;52473;Mosquera
Region Pacifico;52;Nariño;52480;Nariño
Region Pacifico;52;Nariño;52490;Olaya Herrera
Region Pacifico;52;Nariño;52506;Ospina
Region Pacifico;52;Nariño;52520;Francisco Pizarro
Region Pacifico;52;Nariño;52540;Policarpa
Region Pacifico;52;Nariño;52560;Potosi
Region Pacifico;52;Nariño;52565;Providencia
Region Pacifico;52;Nariño;52573;Puerres
Region Pacifico;52;Nariño;52585;Pupiales
Region Pacifico;52;Nariño;52612;Ricaurte
Region Pacifico;52;Nariño;52621;Roberto Payan
Region Pacifico;52;Nariño;52678;Samaniego
Region Pacifico;52;Nariño;52683;Sandona
Region Pacifico;52;Nariño;52685;San Bernardo
Region Pacifico;52;Nariño;52687;San Lorenzo
Region Pacifico;52;Nariño;52693;San Pablo
Region Pacifico;52;Nariño;52696;Santa Barbara
Region Pacifico;52;Nariño;52720;Sapuyes
Region Pacifico;52;Nariño;52786;Taminango
Region Pacifico;52;Nariño;52788;Tangua
Region Pacifico;52;Nariño;52838;Tuquerres
Region Pacifico;52;Nariño;52885;Yacuanquer
Region Eje Cafetero - Antioquia;63;Quindio;63001;Armenia
Region Eje Cafetero - Antioquia;63;Quindio;63111;Buenavista
Region Eje Cafetero - Antioquia;63;Quindio;63190;Circasia
Region Eje Cafetero - Antioquia;63;Quindio;63212;Cordoba
Region Eje Cafetero - Antioquia;63;Quindio;63272;Filandia
Region Eje Cafetero - Antioquia;63;Quindio;63401;La Tebaida
Region Eje Cafetero - Antioquia;63;Quindio;63470;Montenegro
Region Eje Cafetero - Antioquia;63;Quindio;63548;Pijao
Region Eje Cafetero - Antioquia;63;Quindio;63594;Quimbaya
Region Eje Cafetero - Antioquia;63;Quindio;63690;Salento
Region Eje Cafetero - Antioquia;66;Risaralda;66001;Pereira
Region Eje Cafetero - Antioquia;66;Risaralda;66045;Apia
Region Eje Cafetero - Antioquia;66;Risaralda;66075;Balboa
Region Eje Cafetero - Antioquia;66;Risaralda;66170;Dosquebradas
Region Eje Cafetero - Antioquia;66;Risaralda;66318;Guatica
Region Eje Cafetero - Antioquia;66;Risaralda;66383;La Celia
Region Eje Cafetero - Antioquia;66;Risaralda;66400;La Virginia
Region Eje Cafetero - Antioquia;66;Risaralda;66440;Marsella
Region Eje Cafetero - Antioquia;66;Risaralda;66456;Mistrato
Region Eje Cafetero - Antioquia;66;Risaralda;66572;Pueblo Rico
Region Eje Cafetero - Antioquia;66;Risaralda;66594;Quinchia
Region Eje Cafetero - Antioquia;66;Risaralda;66687;Santuario
Region Centro Oriente;68;Santander;68001;Bucaramanga
Region Centro Oriente;68;Santander;68013;Aguada
Region Centro Oriente;68;Santander;68020;Albania
Region Centro Oriente;68;Santander;68051;Aratoca
Region Centro Oriente;68;Santander;68077;Barbosa
Region Centro Oriente;68;Santander;68079;Barichara
Region Centro Oriente;68;Santander;68081;Barrancabermeja
Region Centro Oriente;68;Santander;68092;Betulia
Region Centro Oriente;68;Santander;68101;Bolivar
Region Centro Oriente;68;Santander;68121;Cabrera
Region Centro Oriente;68;Santander;68132;California
Region Centro Oriente;68;Santander;68152;Carcasi
Region Centro Oriente;68;Santander;68160;Cepita
Region Centro Oriente;68;Santander;68162;Cerrito
Region Centro Oriente;68;Santander;68167;Charala
Region Centro Oriente;68;Santander;68169;Charta
Region Centro Oriente;68;Santander;68179;Chipata
Region Centro Oriente;68;Santander;68190;Cimitarra
Region Centro Oriente;68;Santander;68207;Concepcion
Region Centro Oriente;68;Santander;68209;Confines
Region Centro Oriente;68;Santander;68211;Contratacion
Region Centro Oriente;68;Santander;68217;Coromoro
Region Centro Oriente;68;Santander;68229;Curiti
Region Centro Oriente;68;Santander;68245;El Guacamayo
Region Centro Oriente;68;Santander;68255;El Playon
Region Centro Oriente;68;Santander;68264;Encino
Region Centro Oriente;68;Santander;68266;Enciso
Region Centro Oriente;68;Santander;68271;Florian
Region Centro Oriente;68;Santander;68276;Floridablanca
Region Centro Oriente;68;Santander;68296;Galan
Region Centro Oriente;68;Santander;68298;Gambita
Region Centro Oriente;68;Santander;68307;Giron
Region Centro Oriente;68;Santander;68318;Guaca
Region Centro Oriente;68;Santander;68320;Guadalupe
Region Centro Oriente;68;Santander;68322;Guapota
Region Centro Oriente;68;Santander;68324;Guavata
Region Centro Oriente;68;Santander;68327;Güepsa
Region Centro Oriente;68;Santander;68368;Jesus Maria
Region Centro Oriente;68;Santander;68370;Jordan
Region Centro Oriente;68;Santander;68377;La Belleza
Region Centro Oriente;68;Santander;68385;Landazuri
Region Centro Oriente;68;Santander;68397;La Paz
Region Centro Oriente;68;Santander;68406;Lebrija
Region Centro Oriente;68;Santander;68418;Los Santos
Region Centro Oriente;68;Santander;68425;Macaravita
Region Centro Oriente;68;Santander;68432;Malaga
Region Centro Oriente;68;Santander;68444;Matanza
Region Centro Oriente;68;Santander;68464;Mogotes
Region Centro Oriente;68;Santander;68468;Molagavita
Region Centro Oriente;68;Santander;68498;Ocamonte
Region Centro Oriente;68;Santander;68500;Oiba
Region Centro Oriente;68;Santander;68502;Onzaga
Region Centro Oriente;68;Santander;68522;Palmar
Region Centro Oriente;68;Santander;68533;Paramo
Region Centro Oriente;68;Santander;68547;Piedecuesta
Region Centro Oriente;68;Santander;68549;Pinchote
Region Centro Oriente;68;Santander;68572;Puente Nacional
Region Centro Oriente;68;Santander;68615;Rionegro
Region Centro Oriente;68;Santander;68669;San Andres
Region Centro Oriente;68;Santander;68679;San Gil
Region Centro Oriente;68;Santander;68682;San Joaquin
Region Centro Oriente;68;Santander;68686;San Miguel
Region Centro Oriente;68;Santander;68705;Santa Barbara
Region Centro Oriente;68;Santander;68745;Simacota
Region Centro Oriente;68;Santander;68755;Socorro
Region Centro Oriente;68;Santander;68770;Suaita
Region Centro Oriente;68;Santander;68773;Sucre
Region Centro Oriente;68;Santander;68780;Surata
Region Centro Oriente;68;Santander;68820;Tona
Region Centro Oriente;68;Santander;68861;Velez
Region Centro Oriente;68;Santander;68867;Vetas
Region Centro Oriente;68;Santander;68872;Villanueva
Region Centro Oriente;68;Santander;68895;Zapatoca
Region Caribe;70;Sucre;70001;Sincelejo
Region Caribe;70;Sucre;70110;Buenavista
Region Caribe;70;Sucre;70124;Caimito
Region Caribe;70;Sucre;70204;Coloso
Region Caribe;70;Sucre;70221;Coveñas
Region Caribe;70;Sucre;70230;Chalan
Region Caribe;70;Sucre;70233;El Roble
Region Caribe;70;Sucre;70235;Galeras
Region Caribe;70;Sucre;70265;Guaranda
Region Caribe;70;Sucre;70400;La Union
Region Caribe;70;Sucre;70418;Los Palmitos
Region Caribe;70;Sucre;70429;Majagual
Region Caribe;70;Sucre;70473;Morroa
Region Caribe;70;Sucre;70508;Ovejas
Region Caribe;70;Sucre;70523;Palmito
Region Caribe;70;Sucre;70678;San Benito Abad
Region Caribe;70;Sucre;70708;San Marcos
Region Caribe;70;Sucre;70713;San Onofre
Region Caribe;70;Sucre;70717;San Pedro
Region Caribe;70;Sucre;70771;Sucre
Region Caribe;70;Sucre;70823;Tolu Viejo
Region Centro Sur;73;Tolima;73024;Alpujarra
Region Centro Sur;73;Tolima;73026;Alvarado
Region Centro Sur;73;Tolima;73030;Ambalema
Region Centro Sur;73;Tolima;73055;Armero
Region Centro Sur;73;Tolima;73067;Ataco
Region Centro Sur;73;Tolima;73124;Cajamarca
Region Centro Sur;73;Tolima;73168;Chaparral
Region Centro Sur;73;Tolima;73200;Coello
Region Centro Sur;73;Tolima;73217;Coyaima
Region Centro Sur;73;Tolima;73226;Cunday
Region Centro Sur;73;Tolima;73236;Dolores
Region Centro Sur;73;Tolima;73268;Espinal
Region Centro Sur;73;Tolima;73270;Falan
Region Centro Sur;73;Tolima;73275;Flandes
Region Centro Sur;73;Tolima;73283;Fresno
Region Centro Sur;73;Tolima;73319;Guamo
Region Centro Sur;73;Tolima;73347;Herveo
Region Centro Sur;73;Tolima;73349;Honda
Region Centro Sur;73;Tolima;73352;Icononzo
Region Centro Sur;73;Tolima;73443;Mariquita
Region Centro Sur;73;Tolima;73449;Melgar
Region Centro Sur;73;Tolima;73461;Murillo
Region Centro Sur;73;Tolima;73483;Natagaima
Region Centro Sur;73;Tolima;73504;Ortega
Region Centro Sur;73;Tolima;73520;Palocabildo
Region Centro Sur;73;Tolima;73547;Piedras
Region Centro Sur;73;Tolima;73555;Planadas
Region Centro Sur;73;Tolima;73563;Prado
Region Centro Sur;73;Tolima;73585;Purificacion
Region Centro Sur;73;Tolima;73616;Rio Blanco
Region Centro Sur;73;Tolima;73622;Roncesvalles
Region Centro Sur;73;Tolima;73624;Rovira
Region Centro Sur;73;Tolima;73671;Saldaña
Region Centro Sur;73;Tolima;73686;Santa Isabel
Region Centro Sur;73;Tolima;73861;Venadillo
Region Centro Sur;73;Tolima;73870;Villahermosa
Region Centro Sur;73;Tolima;73873;Villarrica
Region Llano;81;Arauca;81065;Arauquita
Region Llano;81;Arauca;81220;Cravo Norte
Region Llano;81;Arauca;81300;Fortul
Region Llano;81;Arauca;81591;Puerto Rondon
Region Llano;81;Arauca;81736;Saravena
Region Llano;81;Arauca;81794;Tame
Region Llano;81;Arauca;81001;Arauca
Region Llano;85;Casanare;85001;Yopal
Region Llano;85;Casanare;85010;Aguazul
Region Llano;85;Casanare;85015;Chameza
Region Llano;85;Casanare;85125;Hato Corozal
Region Llano;85;Casanare;85136;La Salina
Region Llano;85;Casanare;85162;Monterrey
Region Llano;85;Casanare;85263;Pore
Region Llano;85;Casanare;85279;Recetor
Region Llano;85;Casanare;85300;Sabanalarga
Region Llano;85;Casanare;85315;Sacama
Region Llano;85;Casanare;85410;Tauramena
Region Llano;85;Casanare;85430;Trinidad
Region Llano;85;Casanare;85440;Villanueva
Region Centro Sur;86;Putumayo;86001;Mocoa
Region Centro Sur;86;Putumayo;86219;Colon
Region Centro Sur;86;Putumayo;86320;Orito
Region Centro Sur;86;Putumayo;86569;Puerto Caicedo
Region Centro Sur;86;Putumayo;86571;Puerto Guzman
Region Centro Sur;86;Putumayo;86573;Leguizamo
Region Centro Sur;86;Putumayo;86749;Sibundoy
Region Centro Sur;86;Putumayo;86755;San Francisco
Region Centro Sur;86;Putumayo;86757;San Miguel
Region Centro Sur;86;Putumayo;86760;Santiago
Region Centro Sur;91;Amazonas;91001;Leticia
Region Centro Sur;91;Amazonas;91263;El Encanto
Region Centro Sur;91;Amazonas;91405;La Chorrera
Region Centro Sur;91;Amazonas;91407;La Pedrera
Region Centro Sur;91;Amazonas;91430;La Victoria
Region Centro Sur;91;Amazonas;91536;Puerto Arica
Region Centro Sur;91;Amazonas;91540;Puerto Nariño
Region Centro Sur;91;Amazonas;91669;Puerto Santander
Region Centro Sur;91;Amazonas;91798;Tarapaca
Region Llano;94;Guainia;94001;Inirida
Region Llano;94;Guainia;94343;Barranco Minas
Region Llano;94;Guainia;94663;Mapiripana
Region Llano;94;Guainia;94883;San Felipe
Region Llano;94;Guainia;94884;Puerto Colombia
Region Llano;94;Guainia;94885;La Guadalupe
Region Llano;94;Guainia;94886;Cacahual
Region Llano;94;Guainia;94887;Pana Pana
Region Llano;94;Guainia;94888;Morichal
Region Llano;99;Vichada;99001;Puerto Carreño
Region Llano;99;Vichada;99524;La Primavera
Region Llano;99;Vichada;99624;Santa Rosalia
Region Llano;99;Vichada;99773;Cumaribo
Region Centro Sur;18;Caqueta;18610;San Jose del Fragua
Region Llano;50;Meta;50110;Barranca de Upia
Region Centro Oriente;68;Santander;68524;Palmas del Socorro
Region Centro Oriente;25;Cundinamarca;25662;San Juan de Rio Seco
Region Caribe;8;Atlantico;8372;Juan de Acosta
Region Llano;50;Meta;50287;Fuente de Oro
Region Llano;85;Casanare;85325;San Luis de Gaceno
Region Pacifico;27;Choco;27250;El Litoral del San Juan
Region Centro Oriente;25;Cundinamarca;25843;Villa de San Diego de Ubate
Region Caribe;13;Bolivar;13074;Barranco de Loba
Region Centro Oriente;15;Boyaca;15816;Togüi
Region Caribe;13;Bolivar;13688;Santa Rosa del Sur
Region Pacifico;27;Choco;27135;El Canton del San Pablo
Region Centro Oriente;15;Boyaca;15407;Villa de Leyva
Region Caribe;47;Magdalena;47692;San Sebastian de Buenavista
Region Centro Oriente;15;Boyaca;15537;Paz de Rio
Region Caribe;13;Bolivar;13300;Hatillo de Loba
Region Caribe;47;Magdalena;47660;Sabanas de San Angel
Region Llano;95;Guaviare;95015;Calamar
Region Caribe;20;Cesar;20614;Rio de Oro
Region Eje Cafetero - Antioquia;5;Antioquia;5665;San Pedro de Uraba
Region Llano;95;Guaviare;95001;San Jose del Guaviare
Region Centro Oriente;15;Boyaca;15693;Santa Rosa de Viterbo
Region Pacifico;19;Cauca;19698;Santander de Quilichao
Region Llano;95;Guaviare;95200;Miraflores
Region Eje Cafetero - Antioquia;5;Antioquia;5042;Santafe de Antioquia
Region Llano;50;Meta;50680;San Carlos de Guaroa
Region Caribe;8;Atlantico;8520;Palmar de Varela
Region Eje Cafetero - Antioquia;5;Antioquia;5686;Santa Rosa de Osos
Region Eje Cafetero - Antioquia;5;Antioquia;5647;San Andres de Cuerquia
Region Centro Sur;73;Tolima;73854;Valle de San Juan
Region Centro Oriente;68;Santander;68689;San Vicente de Chucuri
Region Centro Oriente;68;Santander;68684;San Jose de Miranda
Region Caribe;88;Archipielago de San Andres Providencia y Santa Catalina;88564;Providencia
Region Eje Cafetero - Antioquia;66;Risaralda;66682;Santa Rosa de Cabal
Region Centro Oriente;25;Cundinamarca;25328;Guayabal de Siquima
Region Centro Sur;18;Caqueta;18094;Belen de Los Andaquies
Region Llano;85;Casanare;85250;Paz de Ariporo
Region Centro Oriente;68;Santander;68720;Santa Helena del Opon
Region Centro Oriente;15;Boyaca;15681;San Pablo de Borbur
Region Caribe;44;La Guajira;44420;La Jagua del Pilar
Region Caribe;20;Cesar;20400;La Jagua de Ibirico
Region Caribe;70;Sucre;70742;San Luis de Since
Region Centro Oriente;15;Boyaca;15667;San Luis de Gaceno
Region Caribe;13;Bolivar;13244;El Carmen de Bolivar
Region Pacifico;27;Choco;27245;El Carmen de Atrato
Region Caribe;70;Sucre;70702;San Juan de Betulia
Region Caribe;47;Magdalena;47545;Pijiño del Carmen
Region Eje Cafetero - Antioquia;5;Antioquia;5873;Vigia del Fuerte
Region Caribe;13;Bolivar;13667;San Martin de Loba
Region Caribe;13;Bolivar;13030;Altos del Rosario
Region Centro Sur;73;Tolima;73148;Carmen de Apicala
Region Centro Oriente;25;Cundinamarca;25645;San Antonio del Tequendama
Region Centro Oriente;68;Santander;68655;Sabana de Torres
Region Llano;95;Guaviare;95025;El Retorno
Region Caribe;23;Cordoba;23682;San Jose de Ure
Region Pacifico;52;Nariño;52694;San Pedro de Cartago
Region Caribe;8;Atlantico;8137;Campo de La Cruz
Region Llano;50;Meta;50683;San Juan de Arama
Region Eje Cafetero - Antioquia;5;Antioquia;5658;San Jose de La Montaña
Region Centro Sur;18;Caqueta;18150;Cartagena del Chaira
Region Pacifico;27;Choco;27660;San Jose del Palmar
Region Centro Oriente;25;Cundinamarca;25001;Agua de Dios
Region Caribe;13;Bolivar;13655;San Jacinto del Cauca
Region Centro Sur;41;Huila;41668;San Agustin
Region Pacifico;52;Nariño;52258;El Tablon de Gomez
Region Caribe;88;Archipielago de San Andres Providencia y Santa Catalina;88001;San Andres
Region Centro Oriente;15;Boyaca;15664;San Jose de Pare
Region Centro Sur;86;Putumayo;86865;Valle de Guamez
Region Caribe;13;Bolivar;13670;San Pablo de Borbur
Region Caribe;70;Sucre;70820;Santiago de Tolu
Region Centro Oriente;11;Bogota D.C.;11001;Bogota D.C.
Region Centro Oriente;25;Cundinamarca;25154;Carmen de Carupa
Region Caribe;23;Cordoba;23189;Cienaga de Oro
Region Eje Cafetero - Antioquia;5;Antioquia;5659;San Juan de Uraba
Region Caribe;44;La Guajira;44650;San Juan del Cesar
Region Centro Oriente;68;Santander;68235;El Carmen de Chucuri
Region Eje Cafetero - Antioquia;5;Antioquia;5148;El Carmen de Viboral
Region Eje Cafetero - Antioquia;66;Risaralda;66088;Belen de Umbria
Region Pacifico;27;Choco;27086;Belen de Bajira
Region Centro Oriente;68;Santander;68855;Valle de San Jose
Region Centro Sur;73;Tolima;73678;San Luis
Region Centro Oriente;15;Boyaca;15676;San Miguel de Sema
Region Centro Sur;73;Tolima;73675;San Antonio
Region Centro Oriente;68;Santander;68673;San Benito
Region Centro Oriente;25;Cundinamarca;25862;Vergara
Region Caribe;23;Cordoba;23678;San Carlos
Region Centro Sur;91;Amazonas;91530;Puerto Alegria
Region Centro Oriente;68;Santander;68344;Hato
Region Caribe;13;Bolivar;13654;San Jacinto
Region Pacifico;19;Cauca;19693;San Sebastian
Region Eje Cafetero - Antioquia;5;Antioquia;5649;San Carlos
Region Centro Oriente;15;Boyaca;15837;Tuta
Region Centro Oriente;54;Norte de Santander;54743;Silos
Region Centro Oriente;54;Norte de Santander;54125;Cacota
Region Pacifico;76;Valle del Cauca;76250;El Dovio
Region Centro Oriente;54;Norte de Santander;54820;Toledo
Region Pacifico;76;Valle del Cauca;76622;Roldanillo
Region Centro Oriente;54;Norte de Santander;54480;Mutiscua
Region Pacifico;76;Valle del Cauca;76054;Argelia
Region Centro Oriente;54;Norte de Santander;54261;El Zulia
Region Centro Oriente;54;Norte de Santander;54660;Salazar
Region Pacifico;76;Valle del Cauca;76736;Sevilla
Region Pacifico;76;Valle del Cauca;76895;Zarzal
Region Centro Oriente;54;Norte de Santander;54223;Cucutilla
Region Pacifico;76;Valle del Cauca;76248;El Cerrito
Region Pacifico;76;Valle del Cauca;76147;Cartago
Region Pacifico;76;Valle del Cauca;76122;Caicedonia
Region Centro Oriente;54;Norte de Santander;54553;Puerto Santander
Region Centro Oriente;54;Norte de Santander;54313;Gramalote
Region Pacifico;76;Valle del Cauca;76246;El Cairo
Region Centro Oriente;54;Norte de Santander;54250;El Tarra
Region Pacifico;76;Valle del Cauca;76400;La Union
Region Pacifico;76;Valle del Cauca;76606;Restrepo
Region Centro Oriente;54;Norte de Santander;54800;Teorama
Region Pacifico;76;Valle del Cauca;76233;Dagua
Region Centro Oriente;54;Norte de Santander;54051;Arboledas
Region Pacifico;76;Valle del Cauca;76318;Guacari
Region Centro Oriente;54;Norte de Santander;54418;Lourdes
Region Pacifico;76;Valle del Cauca;76041;Ansermanuevo
Region Centro Oriente;54;Norte de Santander;54099;Bochalema
Region Pacifico;76;Valle del Cauca;76113;Bugalagrande
Region Centro Oriente;54;Norte de Santander;54206;Convencion
Region Centro Oriente;54;Norte de Santander;54344;Hacari
Region Pacifico;76;Valle del Cauca;76403;La Victoria
Region Centro Oriente;54;Norte de Santander;54347;Herran
Region Pacifico;76;Valle del Cauca;76306;Ginebra
Region Pacifico;76;Valle del Cauca;76892;Yumbo
Region Pacifico;76;Valle del Cauca;76497;Obando
Region Centro Oriente;54;Norte de Santander;54810;Tibu
Region Centro Oriente;54;Norte de Santander;54673;San Cayetano
Region Centro Oriente;54;Norte de Santander;54670;San Calixto
Region Pacifico;76;Valle del Cauca;76100;Bolivar
Region Centro Oriente;54;Norte de Santander;54398;La Playa
Region Pacifico;76;Valle del Cauca;76001;Cali
Region Pacifico;76;Valle del Cauca;76670;San Pedro
Region Pacifico;76;Valle del Cauca;76111;Guadalajara de Buga
Region Centro Oriente;54;Norte de Santander;54172;Chinacota
Region Centro Oriente;54;Norte de Santander;54599;Ragonvalia
Region Centro Oriente;54;Norte de Santander;54385;La Esperanza
Region Centro Oriente;54;Norte de Santander;54874;Villa del Rosario
Region Centro Oriente;54;Norte de Santander;54174;Chitaga
Region Pacifico;76;Valle del Cauca;76126;Calima
Region Centro Oriente;54;Norte de Santander;54720;Sardinata
Region Pacifico;76;Valle del Cauca;76036;Andalucia
Region Pacifico;76;Valle del Cauca;76563;Pradera
Region Centro Oriente;54;Norte de Santander;54003;Abrego
Region Centro Oriente;54;Norte de Santander;54405;Los Patios
Region Centro Oriente;54;Norte de Santander;54498;Ocaña
Region Centro Oriente;54;Norte de Santander;54109;Bucarasica
Region Pacifico;76;Valle del Cauca;76890;Yotoco
Region Pacifico;76;Valle del Cauca;76520;Palmira
Region Pacifico;76;Valle del Cauca;76616;Riofrio
Region Centro Oriente;54;Norte de Santander;54680;Santiago
Region Pacifico;76;Valle del Cauca;76020;Alcala
Region Pacifico;76;Valle del Cauca;76863;Versalles
Region Centro Oriente;54;Norte de Santander;54377;Labateca
Region Centro Oriente;54;Norte de Santander;54128;Cachira
Region Centro Oriente;54;Norte de Santander;54871;Villa Caro
Region Centro Oriente;54;Norte de Santander;54239;Durania
Region Pacifico;76;Valle del Cauca;76243;El aguila
Region Pacifico;76;Valle del Cauca;76823;Toro
Region Pacifico;76;Valle del Cauca;76130;Candelaria
Region Pacifico;76;Valle del Cauca;76377;La Cumbre
Region Pacifico;76;Valle del Cauca;76845;Ulloa
Region Pacifico;76;Valle del Cauca;76828;Trujillo
Region Pacifico;76;Valle del Cauca;76869;Vijes
Region Centro Oriente;68;Santander;68176;Chima
Region Caribe;70;Sucre;70670;Sampues
Region Llano;85;Casanare;85225;Nunchia
Region Centro Oriente;54;Norte de Santander;54518;Pamplona
Region Centro Oriente;25;Cundinamarca;25019;Alban
Region Caribe;23;Cordoba;23466;Montelibano
Region Centro Sur;86;Putumayo;86568;Puerto Asis
Region Caribe;70;Sucre;70215;Corozal
Region Pacifico;52;Nariño;52110;Buesaco
Region Llano;85;Casanare;85139;Mani
Region Caribe;13;Bolivar;13268;El Peñon
Region Pacifico;76;Valle del Cauca;76834;Tulua
Region Centro Sur;73;Tolima;73152;Casabianca
Region Centro Oriente;25;Cundinamarca;25040;Anolaima
Region Centro Oriente;25;Cundinamarca;25175;Chia
Region Pacifico;52;Nariño;52835;San Andres de Tumaco
Region Centro Sur;18;Caqueta;18460;Milan
Region Centro Oriente;68;Santander;68147;Capitanejo
Region Centro Sur;73;Tolima;73043;Anzoategui
Region Pacifico;76;Valle del Cauca;76275;Florida
Region Caribe;8;Atlantico;8606;Repelon
Region Eje Cafetero - Antioquia;5;Antioquia;5284;Frontino
Region Centro Oriente;25;Cundinamarca;25258;El Peñon
Region Centro Oriente;54;Norte de Santander;54520;Pamplonita
Region Centro Sur;91;Amazonas;91460;Miriti Parana
Region Llano;85;Casanare;85400;Tamara
Region Centro Oriente;15;Boyaca;15806;Tibasosa
Region Pacifico;19;Cauca;19517;Paez
Region Centro Sur;73;Tolima;73001;Ibague
Region Caribe;8;Atlantico;8573;Puerto Colombia
Region Pacifico;52;Nariño;52083;Belen
Region Centro Oriente;25;Cundinamarca;25758;Sopo
Region Pacifico;27;Choco;27150;Carmen del Darien
Region Centro Oriente;25;Cundinamarca;25299;Gama
Region Centro Oriente;25;Cundinamarca;25718;Sasaima
Region Pacifico;52;Nariño;52240;Chachagüi
Region Centro Oriente;54;Norte de Santander;54001;Cucuta
Region Caribe;13;Bolivar;13001;Cartagena
Region Eje Cafetero - Antioquia;5;Antioquia;5313;Granada
Region Caribe;47;Magdalena;47720;Santa Barbara de Pinto
Region Caribe;13;Bolivar;13442;Maria la Baja
Region Centro Sur;18;Caqueta;18410;La Montañita
Region Centro Sur;18;Caqueta;18753;San Vicente del Caguan
Region Centro Oriente;68;Santander;68250;El Peñon
Region Eje Cafetero - Antioquia;5;Antioquia;5364;Jardin
Region Pacifico;76;Valle del Cauca;76364;Jamundi
Region Pacifico;27;Choco;27787;Tado
Region Llano;85;Casanare;85230;Orocue
Region Centro Sur;73;Tolima;73411;Libano
Region Centro Oriente;25;Cundinamarca;25885;Yacopi
Region Eje Cafetero - Antioquia;63;Quindio;63130;Calarca
Region Eje Cafetero - Antioquia;5;Antioquia;5756;Sonson
Region Centro Oriente;54;Norte de Santander;54245;El Carmen
Region Centro Sur;73;Tolima;73408;Lerida
Region Caribe;23;Cordoba;23350;La Apartada
Region Caribe;13;Bolivar;13620;San Cristobal
Region Centro Oriente;25;Cundinamarca;25290;Fusagasuga
Region Caribe;13;Bolivar;13894;Zambrano
Region Centro Oriente;15;Boyaca;15403;La Uvita
Region Centro Oriente;25;Cundinamarca;25899;Zipaquira
Region Eje Cafetero - Antioquia;63;Quindio;63302;Genova
Region Centro Sur;73;Tolima;73770;Suarez
Region Llano;50;Meta;50150;Castilla la Nueva
Region Centro Oriente;15;Boyaca;15087;Belen
Region Pacifico;27;Choco;27810;Union Panamericana
Region Caribe;47;Magdalena;47570;Pueblo Viejo
Region Centro Sur;86;Putumayo;86885;Villagarzon
Region Centro Oriente;25;Cundinamarca;25269;Facatativa
Region Caribe;23;Cordoba;23580;Puerto Libertador
Region Eje Cafetero - Antioquia;17;Caldas;17444;Marquetalia
Region Pacifico;52;Nariño;52051;Arboleda
Region Pacifico;76;Valle del Cauca;76109;Buenaventura
Region Caribe;47;Magdalena;47189;Cienaga
Region Caribe;8;Atlantico;8560;Ponedera
